change_type,count,percentage
Detection,9748,27.5289466252471
Logsource,1277,3.606325896639367
Tags,6651,18.782829709121717
References,3195,9.022874894097713
False Positives,1837,5.18780005648122
Metadata,7384,20.852866421914715
